code,system
3018,gprdproduct
13181,gprdproduct
6796,gprdproduct
1741,gprdproduct
26616,gprdproduct
2159,gprdproduct
37791,gprdproduct
960,gprdproduct
23961,gprdproduct
947,gprdproduct
907,gprdproduct
11732,gprdproduct
7013,gprdproduct
5889,gprdproduct
30240,gprdproduct
6325,gprdproduct
2335,gprdproduct
7602,gprdproduct
2892,gprdproduct
4688,gprdproduct
4365,gprdproduct
3306,gprdproduct
8111,gprdproduct
18848,gprdproduct
27679,gprdproduct
5558,gprdproduct
898,gprdproduct
35602,gprdproduct
1236,gprdproduct
9921,gprdproduct
11410,gprdproduct
13307,gprdproduct
6719,gprdproduct
911,gprdproduct
34029,gprdproduct
2893,gprdproduct
35862,gprdproduct
5170,gprdproduct
896,gprdproduct
1680,gprdproduct
7891,gprdproduct
1269,gprdproduct
19121,gprdproduct
34702,gprdproduct
1727,gprdproduct
17670,gprdproduct
16054,gprdproduct
28640,gprdproduct
2148,gprdproduct
1411,gprdproduct
33849,gprdproduct
5185,gprdproduct
956,gprdproduct
33258,gprdproduct
3119,gprdproduct
4499,gprdproduct
33373,gprdproduct
40655,gprdproduct
3220,gprdproduct
9270,gprdproduct
14524,gprdproduct
3163,gprdproduct
31774,gprdproduct
35631,gprdproduct
17465,gprdproduct
23709,gprdproduct
957,gprdproduct
31,gprdproduct
33588,gprdproduct
9599,gprdproduct
1551,gprdproduct
16584,gprdproduct
17,gprdproduct
8635,gprdproduct
5822,gprdproduct
4413,gprdproduct
1697,gprdproduct
454,gprdproduct
4803,gprdproduct
27505,gprdproduct
1885,gprdproduct
3743,gprdproduct
7788,gprdproduct
9711,gprdproduct
9651,gprdproduct
35510,gprdproduct
4665,gprdproduct
14700,gprdproduct
17185,gprdproduct
6938,gprdproduct
5740,gprdproduct
32874,gprdproduct
8,gprdproduct
35724,gprdproduct
14590,gprdproduct
1412,gprdproduct
2440,gprdproduct
14483,gprdproduct
7948,gprdproduct
908,gprdproduct
13037,gprdproduct
1950,gprdproduct
30204,gprdproduct
41412,gprdproduct
9577,gprdproduct
34739,gprdproduct
3556,gprdproduct
895,gprdproduct
5522,gprdproduct
34794,gprdproduct
3786,gprdproduct
6616,gprdproduct
14525,gprdproduct
40177,gprdproduct
2224,gprdproduct
7711,gprdproduct
4545,gprdproduct
5143,gprdproduct
1794,gprdproduct
14757,gprdproduct
1259,gprdproduct
34134,gprdproduct
5516,gprdproduct
19031,gprdproduct
2600,gprdproduct
1552,gprdproduct
4131,gprdproduct
10321,gprdproduct
16151,gprdproduct
7653,gprdproduct
22430,gprdproduct
2951,gprdproduct
2851,gprdproduct
1424,gprdproduct
3150,gprdproduct
16158,gprdproduct
34310,gprdproduct
746,gprdproduct
32050,gprdproduct
2978,gprdproduct
1406,gprdproduct
2229,gprdproduct
18537,gprdproduct
5551,gprdproduct
34428,gprdproduct
6780,gprdproduct
6911,gprdproduct
6081,gprdproduct
5992,gprdproduct
4601,gprdproduct
6746,gprdproduct
1518,gprdproduct
13290,gprdproduct
7356,gprdproduct
35000,gprdproduct
12994,gprdproduct
6758,gprdproduct
30229,gprdproduct
4497,gprdproduct
19389,gprdproduct
10102,gprdproduct
11198,gprdproduct
9477,gprdproduct
2125,gprdproduct
958,gprdproduct
11497,gprdproduct
1952,gprdproduct
30649,gprdproduct
2282,gprdproduct
2722,gprdproduct
19401,gprdproduct
99,gprdproduct
18140,gprdproduct
28761,gprdproduct
1537,gprdproduct
15706,gprdproduct
16148,gprdproduct
1734,gprdproduct
14294,gprdproduct
25204,gprdproduct
13815,gprdproduct
5172,gprdproduct
7935,gprdproduct
883,gprdproduct
10090,gprdproduct
29325,gprdproduct
17654,gprdproduct
2160,gprdproduct
23567,gprdproduct
2092,gprdproduct
28577,gprdproduct
2655,gprdproduct
13040,gprdproduct
9164,gprdproduct
2850,gprdproduct
6512,gprdproduct
9571,gprdproduct
1619,gprdproduct
30118,gprdproduct
1975,gprdproduct
21005,gprdproduct
7638,gprdproduct
5309,gprdproduct
1093,gprdproduct
18394,gprdproduct
18299,gprdproduct
4842,gprdproduct
8433,gprdproduct
34619,gprdproduct
20825,gprdproduct
1100,gprdproduct
14321,gprdproduct
3297,gprdproduct
1725,gprdproduct
41269,gprdproduct
5804,gprdproduct
34315,gprdproduct
882,gprdproduct
3989,gprdproduct
26063,gprdproduct
34995,gprdproduct
5521,gprdproduct
31933,gprdproduct
3570,gprdproduct
34859,gprdproduct
33817,gprdproduct
3927,gprdproduct
7140,gprdproduct
24898,gprdproduct
1628,gprdproduct
11618,gprdproduct
3993,gprdproduct
5864,gprdproduct
33089,gprdproduct
18421,gprdproduct
5580,gprdproduct
1426,gprdproduct
13038,gprdproduct
7964,gprdproduct
19376,gprdproduct
942,gprdproduct
30230,gprdproduct
1243,gprdproduct
14736,gprdproduct
1620,gprdproduct
909,gprdproduct
1951,gprdproduct
28508,gprdproduct
534,gprdproduct
30238,gprdproduct
16577,gprdproduct
15326,gprdproduct
10218,gprdproduct
5753,gprdproduct
5683,gprdproduct
1409,gprdproduct
7017,gprdproduct
1882,gprdproduct
1642,gprdproduct
1258,gprdproduct
14567,gprdproduct
35014,gprdproduct
12909,gprdproduct
34919,gprdproduct
46157,gprdproduct
2992,gprdproduct
6050,gprdproduct
35522,gprdproduct
3075,gprdproduct
23741,gprdproduct
13996,gprdproduct
4759,gprdproduct
3947,gprdproduct
13757,gprdproduct
28073,gprdproduct
4926,gprdproduct
21859,gprdproduct
38,gprdproduct
959,gprdproduct
5223,gprdproduct
1242,gprdproduct
13273,gprdproduct
14561,gprdproduct
6522,gprdproduct
719,gprdproduct
9233,gprdproduct
12808,gprdproduct
21482,gprdproduct
1415,gprdproduct
1698,gprdproduct
5885,gprdproduct
35011,gprdproduct
27188,gprdproduct
3443,gprdproduct
1861,gprdproduct
2020,gprdproduct
4268,gprdproduct
3546,gprdproduct
5942,gprdproduct
18456,gprdproduct
34311,gprdproduct
30210,gprdproduct
6772,gprdproduct
2995,gprdproduct
3254,gprdproduct
26873,gprdproduct
881,gprdproduct
14739,gprdproduct
4171,gprdproduct
20838,gprdproduct
8955,gprdproduct
10407,gprdproduct
4541,gprdproduct
2869,gprdproduct
7841,gprdproduct
9092,gprdproduct
32893,gprdproduct
24418,gprdproduct
7832,gprdproduct
24023,gprdproduct
1423,gprdproduct
12274,gprdproduct
4514,gprdproduct
7732,gprdproduct
12042,gprdproduct
23572,gprdproduct
8806,gprdproduct
5941,gprdproduct
590,gprdproduct
555,gprdproduct
29273,gprdproduct
34618,gprdproduct
12699,gprdproduct
1832,gprdproduct
3787,gprdproduct
29267,gprdproduct
6988,gprdproduct
17002,gprdproduct
4592,gprdproduct
30596,gprdproduct
17140,gprdproduct
3388,gprdproduct
4591,gprdproduct
16994,gprdproduct
18622,gprdproduct
21769,gprdproduct
8057,gprdproduct
42497,gprdproduct
18288,gprdproduct
7733,gprdproduct
3994,gprdproduct
13529,gprdproduct
8056,gprdproduct
987,gprdproduct
10458,gprdproduct
27249,gprdproduct
32102,gprdproduct
4593,gprdproduct
2609,gprdproduct
5261,gprdproduct
8522,gprdproduct
1833,gprdproduct
10432,gprdproduct
273,gprdproduct
10744,gprdproduct
2147,gprdproduct
15409,gprdproduct
880,gprdproduct
879,gprdproduct
10433,gprdproduct
12240,gprdproduct
10723,gprdproduct
15365,gprdproduct
16625,gprdproduct
18484,gprdproduct
1801,gprdproduct
16305,gprdproduct
8470,gprdproduct
15025,gprdproduct
8610,gprdproduct
8653,gprdproduct
27842,gprdproduct
25022,gprdproduct
22080,gprdproduct
20171,gprdproduct
25125,gprdproduct
24207,gprdproduct
4640,gprdproduct
7972,gprdproduct
674,gprdproduct
23269,gprdproduct
4634,gprdproduct
1957,gprdproduct
4100,gprdproduct
2158,gprdproduct
4647,gprdproduct
964,gprdproduct
15765,gprdproduct
1422,gprdproduct
5898,gprdproduct
1414,gprdproduct
14603,gprdproduct
12822,gprdproduct
37612,gprdproduct
34018,gprdproduct
35557,gprdproduct
31082,gprdproduct
18988,gprdproduct
510,gprdproduct
1728,gprdproduct
25339,gprdproduct
5308,gprdproduct
11046,gprdproduct
34162,gprdproduct
10958,gprdproduct
1630,gprdproduct
7965,gprdproduct
45863,gprdproduct
35744,gprdproduct
40709,gprdproduct
13365,gprdproduct
5837,gprdproduct
1711,gprdproduct
3187,gprdproduct
19350,gprdproduct
31231,gprdproduct
14991,gprdproduct
28241,gprdproduct
42910,gprdproduct
10561,gprdproduct
38419,gprdproduct
28881,gprdproduct
6315,gprdproduct
15284,gprdproduct
2757,gprdproduct
1097,gprdproduct
9384,gprdproduct
11719,gprdproduct
863,gprdproduct
696,gprdproduct
2862,gprdproduct
27944,gprdproduct
556,gprdproduct
2152,gprdproduct
282,gprdproduct
15613,gprdproduct
30212,gprdproduct
1346,gprdproduct
41691,gprdproduct
18968,gprdproduct
21102,gprdproduct
2395,gprdproduct
3374,gprdproduct
10813,gprdproduct
856,gprdproduct
2758,gprdproduct
10331,gprdproduct
8608,gprdproduct
13256,gprdproduct
24674,gprdproduct
3666,gprdproduct
20225,gprdproduct
38120,gprdproduct
25937,gprdproduct
38097,gprdproduct
38416,gprdproduct
7731,gprdproduct
7730,gprdproduct
5453,gprdproduct
1834,gprdproduct
8339,gprdproduct
15441,gprdproduct
3688,gprdproduct
25119,gprdproduct
8215,gprdproduct
5975,gprdproduct
5718,gprdproduct
1676,gprdproduct
4132,gprdproduct
17874,gprdproduct
41832,gprdproduct
6526,gprdproduct
4306,gprdproduct
7576,gprdproduct
10968,gprdproduct
9635,gprdproduct
10812,gprdproduct
18308,gprdproduct
11307,gprdproduct
218,gprdproduct
665,gprdproduct
3838,gprdproduct
14448,gprdproduct
12633,gprdproduct
1974,gprdproduct
7268,gprdproduct
1087,gprdproduct
465,gprdproduct
5161,gprdproduct
7270,gprdproduct
25784,gprdproduct
3289,gprdproduct
7133,gprdproduct
14306,gprdproduct
6462,gprdproduct
11588,gprdproduct
6569,gprdproduct
2723,gprdproduct
549,gprdproduct
11779,gprdproduct
9681,gprdproduct
2994,gprdproduct
8333,gprdproduct
1410,gprdproduct
29475,gprdproduct
1962,gprdproduct
8676,gprdproduct
4222,gprdproduct
11993,gprdproduct
24117,gprdproduct
10289,gprdproduct
1635,gprdproduct
27340,gprdproduct
18314,gprdproduct
10360,gprdproduct
3305,gprdproduct
10831,gprdproduct
37615,gprdproduct
8267,gprdproduct
7192,gprdproduct
15483,gprdproduct
17875,gprdproduct
41549,gprdproduct
8498,gprdproduct
16207,gprdproduct
4942,gprdproduct
11478,gprdproduct
4801,gprdproduct
1629,gprdproduct
27593,gprdproduct
1960,gprdproduct
1961,gprdproduct
17590,gprdproduct
16433,gprdproduct
16018,gprdproduct
10254,gprdproduct
6839,gprdproduct
21224,gprdproduct
14527,gprdproduct
42511,gprdproduct
44713,gprdproduct
862,gprdproduct
4055,gprdproduct
314,gprdproduct
1683,gprdproduct
13575,gprdproduct
26860,gprdproduct
12144,gprdproduct
15153,gprdproduct
2911,gprdproduct
235,gprdproduct
10597,gprdproduct
3585,gprdproduct
17696,gprdproduct
22313,gprdproduct
1959,gprdproduct
1956,gprdproduct
3763,gprdproduct
7954,gprdproduct
24380,gprdproduct
3363,gprdproduct
910,gprdproduct
31845,gprdproduct
26987,gprdproduct
638,gprdproduct